{
  "installed_apps_v2": [
    {
      "name": "GALAXY Note \u00e2\u0085\u00a2",
      "added_timestamp": 1378393403,
      "user_app_scoped_id": 5152654241438360,
      "category": "inactive",
      "removed_timestamp": 0
    },
    {
      "name": "Chess",
      "added_timestamp": 1381724624,
      "user_app_scoped_id": 5152654308105020,
      "category": "inactive",
      "removed_timestamp": 0
    },
    {
      "name": "Calendar",
      "added_timestamp": 1381742654,
      "user_app_scoped_id": 5152654344771683,
      "category": "inactive",
      "removed_timestamp": 0
    },
    {
      "name": "Circa News",
      "added_timestamp": 1381854857,
      "user_app_scoped_id": 5152654261438358,
      "category": "inactive",
      "removed_timestamp": 0
    },
    {
      "name": "Music Challenge",
      "added_timestamp": 1381917858,
      "user_app_scoped_id": 5152654388105012,
      "category": "inactive",
      "removed_timestamp": 0
    },
    {
      "name": "",
      "added_timestamp": 1381918021,
      "user_app_scoped_id": 5152654321438352,
      "category": "inactive",
      "removed_timestamp": 0
    },
    {
      "name": "Path",
      "added_timestamp": 1382012544,
      "user_app_scoped_id": 5152654288105022,
      "category": "active",
      "removed_timestamp": 0
    },
    {
      "name": "Rell",
      "added_timestamp": 1382140983,
      "user_app_scoped_id": 5152654398105011,
      "category": "inactive",
      "removed_timestamp": 0
    },
    {
      "name": "Dropbox",
      "added_timestamp": 1382141094,
      "user_app_scoped_id": 5152654338105017,
      "category": "inactive",
      "removed_timestamp": 0
    },
    {
      "name": "My Dream App Event",
      "added_timestamp": 1382263452,
      "user_app_scoped_id": 5152654394771678,
      "category": "inactive",
      "removed_timestamp": 0
    },
    {
      "name": "IMDb",
      "added_timestamp": 1382279434,
      "user_app_scoped_id": 5152654368105014,
      "category": "inactive",
      "removed_timestamp": 0
    },
    {
      "name": "Accorhotels",
      "added_timestamp": 1382321817,
      "user_app_scoped_id": 5152654304771687,
      "category": "inactive",
      "removed_timestamp": 0
    },
    {
      "name": "Places by Le Club AccorHotels",
      "added_timestamp": 1382474265,
      "user_app_scoped_id": 5152654341438350,
      "category": "inactive",
      "removed_timestamp": 0
    },
    {
      "name": "Tripadvisor",
      "added_timestamp": 1382474414,
      "user_app_scoped_id": 5152654334771684,
      "category": "inactive",
      "removed_timestamp": 0
    },
    {
      "name": "World HACK 2012",
      "added_timestamp": 1382487817,
      "user_app_scoped_id": 5152654411438343,
      "category": "inactive",
      "removed_timestamp": 0
    },
    {
      "name": "Pulse",
      "added_timestamp": 1382487922,
      "user_app_scoped_id": 5152654381438346,
      "category": "inactive",
      "removed_timestamp": 0
    },
    {
      "name": "KLM Royal Dutch Airlines",
      "added_timestamp": 1382487927,
      "user_app_scoped_id": 5152654404771677,
      "category": "inactive",
      "removed_timestamp": 0
    },
    {
      "name": "Couchsurfing",
      "added_timestamp": 1382521609,
      "user_app_scoped_id": 5152654378105013,
      "category": "inactive",
      "removed_timestamp": 0
    },
    {
      "name": "KLM Meet & Seat ",
      "added_timestamp": 1382521668,
      "user_app_scoped_id": 5152654284771689,
      "category": "active",
      "removed_timestamp": 0
    },
    {
      "name": "GALAXY S III",
      "added_timestamp": 1382521720,
      "user_app_scoped_id": 5152654318105019,
      "category": "active",
      "removed_timestamp": 0
    },
    {
      "name": "Game of Thrones Ascent",
      "added_timestamp": 1382521864,
      "user_app_scoped_id": 5152654234771694,
      "category": "inactive",
      "removed_timestamp": 0
    },
    {
      "name": "sprc-kg-test",
      "added_timestamp": 1382568525,
      "user_app_scoped_id": 5152654278105023,
      "category": "active",
      "removed_timestamp": 0
    },
    {
      "name": "BIEGNIJ WARSZAWO 2012",
      "added_timestamp": 1382568617,
      "user_app_scoped_id": 5152654244771693,
      "category": "inactive",
      "removed_timestamp": 0
    },
    {
      "name": "Ibis",
      "added_timestamp": 1382568622,
      "user_app_scoped_id": 5152654258105025,
      "category": "inactive",
      "removed_timestamp": 0
    },
    {
      "name": "SamsungMobile",
      "added_timestamp": 1382568675,
      "user_app_scoped_id": 5152654251438359,
      "category": "inactive",
      "removed_timestamp": 0
    },
    {
      "name": "SamsungGalaxy Note \u00e2\u0085\u00a1",
      "added_timestamp": 1382568761,
      "user_app_scoped_id": 5152654238105027,
      "category": "inactive",
      "removed_timestamp": 0
    },
    {
      "name": "GALAXY S4",
      "added_timestamp": 1382568803,
      "user_app_scoped_id": 5152654254771692,
      "category": "inactive",
      "removed_timestamp": 0
    },
    {
      "name": "SAMSUNG DEVELOPER DAY",
      "added_timestamp": 1382586117,
      "user_app_scoped_id": 5152654248105026,
      "category": "inactive",
      "removed_timestamp": 0
    },
    {
      "name": "S Voice",
      "added_timestamp": 1382586118,
      "user_app_scoped_id": 5152654331438351,
      "category": "active",
      "removed_timestamp": 0
    },
    {
      "name": "Companion Finder",
      "added_timestamp": 1382586181,
      "user_app_scoped_id": 5152654311438353,
      "category": "inactive",
      "removed_timestamp": 0
    },
    {
      "name": "SamsungGALAXY",
      "added_timestamp": 1382586227,
      "user_app_scoped_id": 5152654264771691,
      "category": "inactive",
      "removed_timestamp": 0
    },
    {
      "name": "SamsungGalaxy S \u00e2\u0085\u00a2",
      "added_timestamp": 1382586256,
      "user_app_scoped_id": 5152654274771690,
      "category": "inactive",
      "removed_timestamp": 0
    },
    {
      "name": "TripAdvisor City Guides",
      "added_timestamp": 1382586266,
      "user_app_scoped_id": 5152654268105024,
      "category": "inactive",
      "removed_timestamp": 0
    },
    {
      "name": "Sample app for Tizen",
      "added_timestamp": 1382586310,
      "user_app_scoped_id": 5152654271438357,
      "category": "inactive",
      "removed_timestamp": 0
    },
    {
      "name": "developer.gracenote.com",
      "added_timestamp": 1382586340,
      "user_app_scoped_id": 5152654281438356,
      "category": "inactive",
      "removed_timestamp": 0
    },
    {
      "name": "SlideShare",
      "added_timestamp": 1383726037,
      "user_app_scoped_id": 5152654384771679,
      "category": "inactive",
      "removed_timestamp": 0
    },
    {
      "name": "appbackr",
      "added_timestamp": 1384221152,
      "user_app_scoped_id": 5152654301438354,
      "category": "inactive",
      "removed_timestamp": 0
    },
    {
      "name": "Expedia",
      "added_timestamp": 1385593808,
      "user_app_scoped_id": 5152654348105016,
      "category": "inactive",
      "removed_timestamp": 0
    },
    {
      "name": "KLM Trip Planner",
      "added_timestamp": 1386018160,
      "user_app_scoped_id": 5152654294771688,
      "category": "active",
      "removed_timestamp": 0
    },
    {
      "name": "Adobe Photoshop Express",
      "added_timestamp": 1389227199,
      "user_app_scoped_id": 5152654298105021,
      "category": "active",
      "removed_timestamp": 0
    },
    {
      "name": "Airbnb",
      "added_timestamp": 1391130395,
      "user_app_scoped_id": 2909649015738905,
      "category": "inactive",
      "removed_timestamp": 0
    },
    {
      "name": "Samsung Mobile",
      "added_timestamp": 1391130396,
      "user_app_scoped_id": 5152654354771682,
      "category": "inactive",
      "removed_timestamp": 0
    },
    {
      "name": "Pulse",
      "added_timestamp": 1393710883,
      "user_app_scoped_id": 5152654361438348,
      "category": "inactive",
      "removed_timestamp": 0
    },
    {
      "name": "Windows Phone",
      "added_timestamp": 1393952948,
      "user_app_scoped_id": 5152654328105018,
      "category": "inactive",
      "removed_timestamp": 0
    },
    {
      "name": "Runkeeper",
      "added_timestamp": 1401033003,
      "user_app_scoped_id": 5152654228105028,
      "category": "inactive",
      "removed_timestamp": 0
    },
    {
      "name": "Deezer",
      "added_timestamp": 1402581262,
      "user_app_scoped_id": 5152654408105010,
      "category": "inactive",
      "removed_timestamp": 0
    },
    {
      "name": "BlaBlaCar",
      "added_timestamp": 1403079681,
      "user_app_scoped_id": 5152654391438345,
      "category": "inactive",
      "removed_timestamp": 0
    },
    {
      "name": "Devpost",
      "added_timestamp": 1405024860,
      "user_app_scoped_id": 5152654314771686,
      "category": "inactive",
      "removed_timestamp": 0
    },
    {
      "name": "GearFeed",
      "added_timestamp": 1405367708,
      "user_app_scoped_id": 702688716434957,
      "category": "active",
      "removed_timestamp": 0
    },
    {
      "name": "Justtag",
      "added_timestamp": 1410436369,
      "user_app_scoped_id": 5152654291438355,
      "category": "inactive",
      "removed_timestamp": 0
    },
    {
      "name": "Coderpower",
      "added_timestamp": 1414769005,
      "user_app_scoped_id": 747610708609424,
      "category": "active",
      "removed_timestamp": 0
    },
    {
      "name": "SAMSUNG GALAXY",
      "added_timestamp": 1419030439,
      "user_app_scoped_id": 5152654231438361,
      "category": "inactive",
      "removed_timestamp": 0
    },
    {
      "name": "Chess.com",
      "added_timestamp": 1422621660,
      "user_app_scoped_id": 5152654374771680,
      "category": "inactive",
      "removed_timestamp": 0
    },
    {
      "name": "Pinterest",
      "added_timestamp": 1427831837,
      "user_app_scoped_id": 815134588523702,
      "category": "inactive",
      "removed_timestamp": 0
    },
    {
      "name": "Foap",
      "added_timestamp": 1429707639,
      "user_app_scoped_id": 824216810948813,
      "category": "inactive",
      "removed_timestamp": 0
    },
    {
      "name": "HERE",
      "added_timestamp": 1430376886,
      "user_app_scoped_id": 827727603931067,
      "category": "inactive",
      "removed_timestamp": 0
    },
    {
      "name": "Shazam",
      "added_timestamp": 1430815985,
      "user_app_scoped_id": 5152654351438349,
      "category": "inactive",
      "removed_timestamp": 0
    },
    {
      "name": "Ceneo Android",
      "added_timestamp": 1432706468,
      "user_app_scoped_id": 839555446081616,
      "category": "inactive",
      "removed_timestamp": 0
    },
    {
      "name": "Ceneo.pl",
      "added_timestamp": 1432712577,
      "user_app_scoped_id": 839568539413640,
      "category": "inactive",
      "removed_timestamp": 0
    },
    {
      "name": "audioteka.pl",
      "added_timestamp": 1436269584,
      "user_app_scoped_id": 853263678044126,
      "category": "inactive",
      "removed_timestamp": 0
    },
    {
      "name": "komoot",
      "added_timestamp": 1437569012,
      "user_app_scoped_id": 862980780405749,
      "category": "inactive",
      "removed_timestamp": 0
    },
    {
      "name": "matras.pl",
      "added_timestamp": 1437645979,
      "user_app_scoped_id": 863326000371227,
      "category": "inactive",
      "removed_timestamp": 0
    },
    {
      "name": "Badoo",
      "added_timestamp": 1437650698,
      "user_app_scoped_id": 863330223704138,
      "category": "active",
      "removed_timestamp": 0
    },
    {
      "name": "Samsung GALAXY",
      "added_timestamp": 1438600527,
      "user_app_scoped_id": 867779826592511,
      "category": "inactive",
      "removed_timestamp": 0
    },
    {
      "name": "Dungeon Keeper",
      "added_timestamp": 1440427870,
      "user_app_scoped_id": 876945382342622,
      "category": "active",
      "removed_timestamp": 0
    },
    {
      "name": "Linux Foundation ID",
      "added_timestamp": 1441018337,
      "user_app_scoped_id": 880786171958543,
      "category": "inactive",
      "removed_timestamp": 0
    },
    {
      "name": "Chess",
      "added_timestamp": 1441056604,
      "user_app_scoped_id": 791608554209639,
      "category": "inactive",
      "removed_timestamp": 0
    },
    {
      "name": "Airangel Internet",
      "added_timestamp": 1441360202,
      "user_app_scoped_id": 882504561786704,
      "category": "inactive",
      "removed_timestamp": 0
    },
    {
      "name": "Phabricator oauth",
      "added_timestamp": 1443706424,
      "user_app_scoped_id": 2212434845460329,
      "category": "active",
      "removed_timestamp": 0
    },
    {
      "name": "Prezi",
      "added_timestamp": 1446468139,
      "user_app_scoped_id": 905784359458724,
      "category": "inactive",
      "removed_timestamp": 0
    },
    {
      "name": "Waze",
      "added_timestamp": 1448522502,
      "user_app_scoped_id": 914414975262329,
      "category": "inactive",
      "removed_timestamp": 0
    },
    {
      "name": "ICIMS",
      "added_timestamp": 1450680896,
      "user_app_scoped_id": 925135940856899,
      "category": "inactive",
      "removed_timestamp": 0
    },
    {
      "name": "HackerRank",
      "added_timestamp": 1452201721,
      "user_app_scoped_id": 933903573313469,
      "category": "inactive",
      "removed_timestamp": 0
    },
    {
      "name": "Social WiFi",
      "added_timestamp": 1454150646,
      "user_app_scoped_id": 944332125603947,
      "category": "inactive",
      "removed_timestamp": 0
    },
    {
      "name": "InfoQ",
      "added_timestamp": 1454418452,
      "user_app_scoped_id": 945734392130387,
      "category": "inactive",
      "removed_timestamp": 0
    },
    {
      "name": "Mobile Strike",
      "added_timestamp": 1454891739,
      "user_app_scoped_id": 936018049768688,
      "category": "inactive",
      "removed_timestamp": 0
    },
    {
      "name": "Fundacja Maraton Warszawski",
      "added_timestamp": 1457856669,
      "user_app_scoped_id": 965696923467467,
      "category": "inactive",
      "removed_timestamp": 0
    },
    {
      "name": "Dbam o Zdrowie",
      "added_timestamp": 1460442575,
      "user_app_scoped_id": 986915308012295,
      "category": "inactive",
      "removed_timestamp": 0
    },
    {
      "name": "Partybox.pl logowanie",
      "added_timestamp": 1462260322,
      "user_app_scoped_id": 998724810164678,
      "category": "inactive",
      "removed_timestamp": 0
    },
    {
      "name": "Westwing Home & Living",
      "added_timestamp": 1463761098,
      "user_app_scoped_id": 1008753045828521,
      "category": "active",
      "removed_timestamp": 0
    },
    {
      "name": "WiFiTime",
      "added_timestamp": 1464952561,
      "user_app_scoped_id": 1016710381699454,
      "category": "inactive",
      "removed_timestamp": 0
    },
    {
      "name": "Tizen",
      "added_timestamp": 1467621095,
      "user_app_scoped_id": 5152654414771676,
      "category": "inactive",
      "removed_timestamp": 0
    },
    {
      "name": "Samsung Account",
      "added_timestamp": 1467621105,
      "user_app_scoped_id": 1035111423192683,
      "category": "inactive",
      "removed_timestamp": 0
    },
    {
      "name": "Uber",
      "added_timestamp": 1470043171,
      "user_app_scoped_id": 1053344424702716,
      "category": "inactive",
      "removed_timestamp": 0
    },
    {
      "name": "Seedrs.com",
      "added_timestamp": 1474398422,
      "user_app_scoped_id": 1095311533839338,
      "category": "inactive",
      "removed_timestamp": 0
    },
    {
      "name": "Quizwanie",
      "added_timestamp": 1475483281,
      "user_app_scoped_id": 1105518722818619,
      "category": "inactive",
      "removed_timestamp": 0
    },
    {
      "name": "LINE",
      "added_timestamp": 1476991557,
      "user_app_scoped_id": 1120979947939163,
      "category": "inactive",
      "removed_timestamp": 0
    },
    {
      "name": "Fiat Chrysler Automobiles (FCA)",
      "added_timestamp": 1479071462,
      "user_app_scoped_id": 1143813358989155,
      "category": "inactive",
      "removed_timestamp": 0
    },
    {
      "name": "LinkedIn",
      "added_timestamp": 1480875985,
      "user_app_scoped_id": 1167613729942451,
      "category": "inactive",
      "removed_timestamp": 0
    },
    {
      "name": "KAYAK",
      "added_timestamp": 1481474474,
      "user_app_scoped_id": 1175401059163718,
      "category": "inactive",
      "removed_timestamp": 0
    },
    {
      "name": "trivago",
      "added_timestamp": 1482984667,
      "user_app_scoped_id": 1189622391074918,
      "category": "inactive",
      "removed_timestamp": 0
    },
    {
      "name": "Ry\u00c5\u0082ko",
      "added_timestamp": 1485370758,
      "user_app_scoped_id": 1213457975358026,
      "category": "inactive",
      "removed_timestamp": 0
    },
    {
      "name": "Hotspot Connect",
      "added_timestamp": 1487248112,
      "user_app_scoped_id": 1235127919857698,
      "category": "inactive",
      "removed_timestamp": 0
    },
    {
      "name": "Flash",
      "added_timestamp": 1489311788,
      "user_app_scoped_id": 5152654364771681,
      "category": "active",
      "removed_timestamp": 0
    },
    {
      "name": "Lot.com login",
      "added_timestamp": 1493031079,
      "user_app_scoped_id": 1304148152955674,
      "category": "inactive",
      "removed_timestamp": 0
    },
    {
      "name": "SocialHotspot",
      "added_timestamp": 1493920417,
      "user_app_scoped_id": 1313331278704028,
      "category": "inactive",
      "removed_timestamp": 0
    },
    {
      "name": "ALL - Accor Live Limitless",
      "added_timestamp": 1494835790,
      "user_app_scoped_id": 1322653444438478,
      "category": "inactive",
      "removed_timestamp": 0
    },
    {
      "name": "Salesforce",
      "added_timestamp": 1495796587,
      "user_app_scoped_id": 1333440983359724,
      "category": "inactive",
      "removed_timestamp": 0
    },
    {
      "name": "Stocard - Loyalty Cards",
      "added_timestamp": 1496352309,
      "user_app_scoped_id": 1339586589411830,
      "category": "active",
      "removed_timestamp": 0
    },
    {
      "name": "MyRyanair",
      "added_timestamp": 1498543816,
      "user_app_scoped_id": 1366333713403784,
      "category": "inactive",
      "removed_timestamp": 0
    },
    {
      "name": "Privilege Club login",
      "added_timestamp": 1500137504,
      "user_app_scoped_id": 1386483738055448,
      "category": "inactive",
      "removed_timestamp": 0
    },
    {
      "name": "FTN TELECOMS",
      "added_timestamp": 1502015120,
      "user_app_scoped_id": 1407596385944183,
      "category": "inactive",
      "removed_timestamp": 0
    },
    {
      "name": "WiFi Free AIA",
      "added_timestamp": 1502288782,
      "user_app_scoped_id": 1410545672315921,
      "category": "inactive",
      "removed_timestamp": 0
    },
    {
      "name": "Bixby Home",
      "added_timestamp": 1505039735,
      "user_app_scoped_id": 1412824798754675,
      "category": "active",
      "removed_timestamp": 0
    },
    {
      "name": "Super-Pharm",
      "added_timestamp": 1505050094,
      "user_app_scoped_id": 1438432466193908,
      "category": "inactive",
      "removed_timestamp": 0
    },
    {
      "name": "Rossmann PL",
      "added_timestamp": 1505575215,
      "user_app_scoped_id": 1443879558982532,
      "category": "inactive",
      "removed_timestamp": 0
    },
    {
      "name": "Zalando Lounge PL",
      "added_timestamp": 1506581760,
      "user_app_scoped_id": 1454100984627056,
      "category": "inactive",
      "removed_timestamp": 0
    },
    {
      "name": "IdoAccounts",
      "added_timestamp": 1507004472,
      "user_app_scoped_id": 1458299477540540,
      "category": "inactive",
      "removed_timestamp": 0
    },
    {
      "name": "Magic Piano",
      "added_timestamp": 1508966763,
      "user_app_scoped_id": 1478460668857754,
      "category": "inactive",
      "removed_timestamp": 0
    },
    {
      "name": "Eventbrite",
      "added_timestamp": 1509179733,
      "user_app_scoped_id": 1480741681962986,
      "category": "inactive",
      "removed_timestamp": 0
    },
    {
      "name": "Strava",
      "added_timestamp": 1510427644,
      "user_app_scoped_id": 1494430373927450,
      "category": "inactive",
      "removed_timestamp": 0
    },
    {
      "name": "Woblink",
      "added_timestamp": 1510732215,
      "user_app_scoped_id": 1498011160236038,
      "category": "inactive",
      "removed_timestamp": 0
    },
    {
      "name": "Untappd",
      "added_timestamp": 1512415995,
      "user_app_scoped_id": 1518361771534310,
      "category": "active",
      "removed_timestamp": 0
    },
    {
      "name": "www.morele.net",
      "added_timestamp": 1514437532,
      "user_app_scoped_id": 1540566882647132,
      "category": "inactive",
      "removed_timestamp": 0
    },
    {
      "name": "SmartWifi",
      "added_timestamp": 1514812743,
      "user_app_scoped_id": 1544684475568706,
      "category": "inactive",
      "removed_timestamp": 0
    },
    {
      "name": "Jetstar",
      "added_timestamp": 1514980288,
      "user_app_scoped_id": 1546440878726399,
      "category": "inactive",
      "removed_timestamp": 0
    },
    {
      "name": "Tumi Inc",
      "added_timestamp": 1518286716,
      "user_app_scoped_id": 1584028141634339,
      "category": "inactive",
      "removed_timestamp": 0
    },
    {
      "name": "Movies Anywhere",
      "added_timestamp": 1522506617,
      "user_app_scoped_id": 1637493926287760,
      "category": "inactive",
      "removed_timestamp": 0
    },
    {
      "name": "Speedo.com",
      "added_timestamp": 1523001646,
      "user_app_scoped_id": 1644584522245367,
      "category": "inactive",
      "removed_timestamp": 0
    },
    {
      "name": "Vivino Wine Scanner",
      "added_timestamp": 1525197988,
      "user_app_scoped_id": 5152654324771685,
      "category": "inactive",
      "removed_timestamp": 0
    },
    {
      "name": "Guest WiFi",
      "added_timestamp": 1525681105,
      "user_app_scoped_id": 1685750398128779,
      "category": "active",
      "removed_timestamp": 0
    },
    {
      "name": "Endomondo",
      "added_timestamp": 1526667280,
      "user_app_scoped_id": 5152654358105015,
      "category": "inactive",
      "removed_timestamp": 0
    },
    {
      "name": "FREE NOW",
      "added_timestamp": 1527489830,
      "user_app_scoped_id": 1414906765213145,
      "category": "inactive",
      "removed_timestamp": 0
    },
    {
      "name": "Booking.com",
      "added_timestamp": 1527745441,
      "user_app_scoped_id": 1193190147384809,
      "category": "inactive",
      "removed_timestamp": 0
    },
    {
      "name": "Ebookpoint.pl",
      "added_timestamp": 1528063709,
      "user_app_scoped_id": 1713287182041767,
      "category": "inactive",
      "removed_timestamp": 0
    },
    {
      "name": "Garmin Connect",
      "added_timestamp": 1528095596,
      "user_app_scoped_id": 1713621128675039,
      "category": "inactive",
      "removed_timestamp": 0
    },
    {
      "name": "Slides",
      "added_timestamp": 1528217709,
      "user_app_scoped_id": 5152654401438344,
      "category": "inactive",
      "removed_timestamp": 0
    },
    {
      "name": "OLX.pl",
      "added_timestamp": 1529847551,
      "user_app_scoped_id": 1143445462359278,
      "category": "inactive",
      "removed_timestamp": 0
    },
    {
      "name": "Grammarly",
      "added_timestamp": 1531841706,
      "user_app_scoped_id": 1773476192689532,
      "category": "active",
      "removed_timestamp": 0
    },
    {
      "name": "SklepBiegacza/SklepBiegowy",
      "added_timestamp": 1535218502,
      "user_app_scoped_id": 1837713779599106,
      "category": "inactive",
      "removed_timestamp": 0
    },
    {
      "name": "Calypso",
      "added_timestamp": 1535487377,
      "user_app_scoped_id": 1841221349248349,
      "category": "inactive",
      "removed_timestamp": 0
    },
    {
      "name": "edX",
      "added_timestamp": 1538139990,
      "user_app_scoped_id": 1876286682408482,
      "category": "active",
      "removed_timestamp": 0
    },
    {
      "name": "Pic2Go-Appl",
      "added_timestamp": 1538285877,
      "user_app_scoped_id": 1878271305543353,
      "category": "inactive",
      "removed_timestamp": 0
    },
    {
      "name": "Meetup",
      "added_timestamp": 1538579436,
      "user_app_scoped_id": 936123559758137,
      "category": "inactive",
      "removed_timestamp": 0
    },
    {
      "name": "TV Time",
      "added_timestamp": 1538730351,
      "user_app_scoped_id": 859450907425403,
      "category": "inactive",
      "removed_timestamp": 0
    },
    {
      "name": "OneASICS",
      "added_timestamp": 1540043812,
      "user_app_scoped_id": 1903438049693345,
      "category": "inactive",
      "removed_timestamp": 0
    },
    {
      "name": "Spreaker",
      "added_timestamp": 1541235316,
      "user_app_scoped_id": 1923658147671335,
      "category": "inactive",
      "removed_timestamp": 0
    },
    {
      "name": "MultiSport",
      "added_timestamp": 1542122888,
      "user_app_scoped_id": 1937155382988278,
      "category": "inactive",
      "removed_timestamp": 0
    },
    {
      "name": "Amazon",
      "added_timestamp": 1543618878,
      "user_app_scoped_id": 663912693645893,
      "category": "inactive",
      "removed_timestamp": 0
    },
    {
      "name": "ZnanyLekarz.pl",
      "added_timestamp": 1544356983,
      "user_app_scoped_id": 1971994372837712,
      "category": "inactive",
      "removed_timestamp": 0
    },
    {
      "name": "VISME System",
      "added_timestamp": 1545200621,
      "user_app_scoped_id": 1985878041449345,
      "category": "inactive",
      "removed_timestamp": 0
    },
    {
      "name": "ImmobilienScout24",
      "added_timestamp": 1546117483,
      "user_app_scoped_id": 2000313426672473,
      "category": "inactive",
      "removed_timestamp": 0
    },
    {
      "name": "Allegro",
      "added_timestamp": 1548576410,
      "user_app_scoped_id": 2040638849306597,
      "category": "inactive",
      "removed_timestamp": 0
    },
    {
      "name": "Wolt",
      "added_timestamp": 1550404318,
      "user_app_scoped_id": 2072128566157625,
      "category": "inactive",
      "removed_timestamp": 0
    },
    {
      "name": "Chessable",
      "added_timestamp": 1550694329,
      "user_app_scoped_id": 2077572378946577,
      "category": "inactive",
      "removed_timestamp": 0
    },
    {
      "name": "Pic2Go Poland",
      "added_timestamp": 1554058505,
      "user_app_scoped_id": 2133607040009777,
      "category": "inactive",
      "removed_timestamp": 0
    },
    {
      "name": "The News Hero",
      "added_timestamp": 1555425824,
      "user_app_scoped_id": 2157658177604663,
      "category": "active",
      "removed_timestamp": 0
    },
    {
      "name": "Curio",
      "added_timestamp": 1555840930,
      "user_app_scoped_id": 2165673313469816,
      "category": "inactive",
      "removed_timestamp": 0
    },
    {
      "name": "Aplikacja mobilna Carrefour",
      "added_timestamp": 1571251836,
      "user_app_scoped_id": 2486235824746895,
      "category": "inactive",
      "removed_timestamp": 0
    },
    {
      "name": "Mi Home/Xiaomi Home",
      "added_timestamp": 1572632552,
      "user_app_scoped_id": 2520820767955067,
      "category": "inactive",
      "removed_timestamp": 0
    },
    {
      "name": "Air France",
      "added_timestamp": 1572779957,
      "user_app_scoped_id": 1263314067039083,
      "category": "inactive",
      "removed_timestamp": 0
    },
    {
      "name": "GOG.com",
      "added_timestamp": 1573488407,
      "user_app_scoped_id": 2541713062532504,
      "category": "inactive",
      "removed_timestamp": 0
    },
    {
      "name": "degreed",
      "added_timestamp": 1575635767,
      "user_app_scoped_id": 2597390280298115,
      "category": "inactive",
      "removed_timestamp": 0
    },
    {
      "name": "Stack Exchange",
      "added_timestamp": 1580132031,
      "user_app_scoped_id": 2710610155642793,
      "category": "inactive",
      "removed_timestamp": 0
    },
    {
      "name": "Adobe",
      "added_timestamp": 1583223167,
      "user_app_scoped_id": 2785541674816307,
      "category": "inactive",
      "removed_timestamp": 0
    },
    {
      "name": "Flipboard",
      "added_timestamp": 1591840541,
      "user_app_scoped_id": 5152654371438347,
      "category": "inactive",
      "removed_timestamp": 0
    },
    {
      "name": "onepress.pl_OLD",
      "added_timestamp": 1593405482,
      "user_app_scoped_id": 3070572366313235,
      "category": "inactive",
      "removed_timestamp": 0
    },
    {
      "name": "ZARA HOME",
      "added_timestamp": 1593406354,
      "user_app_scoped_id": 3070595812977557,
      "category": "inactive",
      "removed_timestamp": 0
    },
    {
      "name": "Bolt",
      "added_timestamp": 1593425860,
      "user_app_scoped_id": 3071097206260751,
      "category": "inactive",
      "removed_timestamp": 0
    },
    {
      "name": "ACTIVE.com",
      "added_timestamp": 1595032604,
      "user_app_scoped_id": 3122232534480551,
      "category": "inactive",
      "removed_timestamp": 0
    },
    {
      "name": "Plebiscyt PS",
      "added_timestamp": 1607542050,
      "user_app_scoped_id": 3542643069106160,
      "category": "inactive",
      "removed_timestamp": 0
    },
    {
      "name": "MapMyRun",
      "added_timestamp": 1609407649,
      "user_app_scoped_id": 3595747507129049,
      "category": "inactive",
      "removed_timestamp": 0
    },
    {
      "name": "MapMyFitness",
      "added_timestamp": 1609408131,
      "user_app_scoped_id": 3595762857127514,
      "category": "inactive",
      "removed_timestamp": 0
    },
    {
      "name": "Goodreads",
      "added_timestamp": 1610026660,
      "user_app_scoped_id": 1940258966011253,
      "category": "inactive",
      "removed_timestamp": 0
    },
    {
      "name": "Spotify",
      "added_timestamp": 1630696892,
      "user_app_scoped_id": 4312091548827971,
      "category": "inactive",
      "removed_timestamp": 0
    },
    {
      "name": "Kidos",
      "added_timestamp": 1637052951,
      "user_app_scoped_id": 4548826365154487,
      "category": "inactive",
      "removed_timestamp": 0
    },
    {
      "name": "Booksy",
      "added_timestamp": 1642594103,
      "user_app_scoped_id": 4779812355389219,
      "category": "inactive",
      "removed_timestamp": 0
    },
    {
      "name": "Netflix",
      "added_timestamp": 1643411864,
      "user_app_scoped_id": 822379767799184,
      "category": "active",
      "removed_timestamp": 0
    },
    {
      "name": "TIDAL",
      "added_timestamp": 1646611103,
      "user_app_scoped_id": 4934842766552843,
      "category": "active",
      "removed_timestamp": 0
    },
    {
      "name": "JAZZRADIO.com",
      "added_timestamp": 1651866196,
      "user_app_scoped_id": 5096922177011567,
      "category": "active",
      "removed_timestamp": 0
    }
  ]
}