{
  "app_posts_v2": [
    {
      "timestamp": 1378384555,
      "attachments": [
        {
          "data": [
            {
              "external_context": {
                "name": "Samsung Smart App Challenge 2013 for GALAXY Note!",
                "url": "http://www.smartappchallenge.com/"
              }
            }
          ]
        }
      ],
      "title": "Kamil Grondys opublikowa\u00c5\u0082 co\u00c5\u009b za po\u00c5\u009brednictwem aplikacji Samsung Smart App Challenge."
    },
    {
      "timestamp": 1359882563,
      "attachments": [
        {
          "data": [
            {
              "external_context": {
                "name": "The Doors - Hello, I Love You",
                "url": "https://www.youtube.com/watch?v=hzM71scYw0M&feature=youtube_gdata_player"
              }
            }
          ]
        }
      ]
    },
    {
      "timestamp": 1347555101,
      "attachments": [
        {
          "data": [
            {
              "external_context": {
                "name": "First Look: iPhone 5",
                "url": "http://www.youtube.com/watch?v=rdIWKytq_q4&feature=youtube_gdata_player"
              }
            }
          ]
        }
      ]
    },
    {
      "timestamp": 1345313615,
      "attachments": [
        {
          "data": [
            {
              "external_context": {
                "name": "Charles Bradley - Why Is It So Hard (Live on KEXP)",
                "url": "http://www.youtube.com/watch?v=yBdTVmSVq14&feature=youtube_gdata_player"
              }
            }
          ]
        }
      ]
    },
    {
      "timestamp": 1343415952,
      "attachments": [
        {
          "data": [
            {
              "external_context": {
                "name": "",
                "url": "http://goo.gl/nLkLA"
              }
            }
          ]
        }
      ]
    },
    {
      "timestamp": 1292857457,
      "attachments": [
        {
          "data": [
            {
              "external_context": {
                "name": "Agnieszka Or\u00c5\u0082owska w\u00c5\u0082a\u00c5\u009bnie odpowiedzia\u00c5\u0082/a na pytanie dotycz\u00c4\u0085ce u\u00c5\u00bcytkownika Kamil Grondys",
                "url": "http://apps.facebook.com/badoocom/?fid=100000815062335&qid=160&afid=100001294620124"
              }
            }
          ]
        }
      ],
      "title": "Kamil Grondys opublikowa\u00c5\u0082 co\u00c5\u009b za po\u00c5\u009brednictwem aplikacji Badoo."
    },
    {
      "timestamp": 1292710405,
      "attachments": [
        {
          "data": [
            {
              "external_context": {
                "name": "Iwona Cieslak w\u00c5\u0082a\u00c5\u009bnie odpowiedzia\u00c5\u0082/a na pytanie dotycz\u00c4\u0085ce u\u00c5\u00bcytkownika Kamil Grondys",
                "url": "http://apps.facebook.com/badoocom/?fid=100000815062335&qid=60&afid=100001189266177"
              }
            }
          ]
        }
      ],
      "title": "Kamil Grondys opublikowa\u00c5\u0082 co\u00c5\u009b za po\u00c5\u009brednictwem aplikacji Badoo."
    }
  ]
}