{
  "history_v2": [
    {
      "title": "Skontaktuj si\u00c4\u0099 z nami",
      "action": "Klikni\u00c4\u0099cie reklamy",
      "timestamp": 1652727628
    },
    {
      "title": "TYLKO HITY!",
      "action": "Klikni\u00c4\u0099cie reklamy",
      "timestamp": 1652727146
    },
    {
      "title": "{{product.name}}",
      "action": "Klikni\u00c4\u0099cie reklamy",
      "timestamp": 1652574378
    },
    {
      "title": "{{product.name}}",
      "action": "Klikni\u00c4\u0099cie reklamy",
      "timestamp": 1652574367
    },
    {
      "title": "Virtue Map",
      "action": "Klikni\u00c4\u0099cie reklamy",
      "timestamp": 1652502059
    },
    {
      "title": "Rozpocznij 30-dniowy bezp\u00c5\u0082atny okres pr\u00c3\u00b3bny",
      "action": "Klikni\u00c4\u0099cie reklamy",
      "timestamp": 1652399364
    },
    {
      "title": "W\u00c5\u0082\u00c4\u0085cz pr\u00c4\u0085d 4.0",
      "action": "Klikni\u00c4\u0099cie reklamy",
      "timestamp": 1651904573
    },
    {
      "title": "Objectivo",
      "action": "Klikni\u00c4\u0099cie reklamy",
      "timestamp": 1651681552
    },
    {
      "title": "Objectivo",
      "action": "Klikni\u00c4\u0099cie reklamy",
      "timestamp": 1651681527
    },
    {
      "title": "Biz Courier & Logistics",
      "action": "Klikni\u00c4\u0099cie reklamy",
      "timestamp": 1651352306
    },
    {
      "title": "Energia s\u00c5\u0082oneczna z gwarancj\u00c4\u0085",
      "action": "Klikni\u00c4\u0099cie reklamy",
      "timestamp": 1651228694
    },
    {
      "title": "Sprawd\u00c5\u00ba inne powody dla kt\u00c3\u00b3rych warto zadzwoni\u00c4\u0087 do Dziadka!!",
      "action": "Klikni\u00c4\u0099cie reklamy",
      "timestamp": 1650021424
    },
    {
      "title": "Altium",
      "action": "Klikni\u00c4\u0099cie reklamy",
      "timestamp": 1648554179
    },
    {
      "title": "{{product.name}}",
      "action": "Klikni\u00c4\u0099cie reklamy",
      "timestamp": 1648415113
    }
  ]
}